--
-- PostgreSQL database dump
--

-- Dumped from database version 12.1
-- Dumped by pg_dump version 12.1

SET statement_timeout = 0;
SET lock_timeout = 0;
SET idle_in_transaction_session_timeout = 0;
SET client_encoding = 'UTF8';
SET standard_conforming_strings = on;
SELECT pg_catalog.set_config('search_path', '', false);
SET check_function_bodies = false;
SET xmloption = content;
SET client_min_messages = warning;
SET row_security = off;

SET default_tablespace = '';

SET default_table_access_method = heap;

--
-- Name: ar_internal_metadata; Type: TABLE; Schema: public; Owner: Guest
--

CREATE TABLE public.ar_internal_metadata (
    key character varying NOT NULL,
    value character varying,
    created_at timestamp without time zone NOT NULL,
    updated_at timestamp without time zone NOT NULL
);


ALTER TABLE public.ar_internal_metadata OWNER TO "Guest";

--
-- Name: products; Type: TABLE; Schema: public; Owner: Guest
--

CREATE TABLE public.products (
    id bigint NOT NULL,
    name character varying,
    cost integer,
    country character varying,
    created_at timestamp without time zone NOT NULL,
    updated_at timestamp without time zone NOT NULL
);


ALTER TABLE public.products OWNER TO "Guest";

--
-- Name: products_id_seq; Type: SEQUENCE; Schema: public; Owner: Guest
--

CREATE SEQUENCE public.products_id_seq
    START WITH 1
    INCREMENT BY 1
    NO MINVALUE
    NO MAXVALUE
    CACHE 1;


ALTER TABLE public.products_id_seq OWNER TO "Guest";

--
-- Name: products_id_seq; Type: SEQUENCE OWNED BY; Schema: public; Owner: Guest
--

ALTER SEQUENCE public.products_id_seq OWNED BY public.products.id;


--
-- Name: reviews; Type: TABLE; Schema: public; Owner: Guest
--

CREATE TABLE public.reviews (
    id bigint NOT NULL,
    name character varying,
    body character varying,
    product_id integer,
    rating integer,
    created_at timestamp without time zone NOT NULL,
    updated_at timestamp without time zone NOT NULL
);


ALTER TABLE public.reviews OWNER TO "Guest";

--
-- Name: reviews_id_seq; Type: SEQUENCE; Schema: public; Owner: Guest
--

CREATE SEQUENCE public.reviews_id_seq
    START WITH 1
    INCREMENT BY 1
    NO MINVALUE
    NO MAXVALUE
    CACHE 1;


ALTER TABLE public.reviews_id_seq OWNER TO "Guest";

--
-- Name: reviews_id_seq; Type: SEQUENCE OWNED BY; Schema: public; Owner: Guest
--

ALTER SEQUENCE public.reviews_id_seq OWNED BY public.reviews.id;


--
-- Name: schema_migrations; Type: TABLE; Schema: public; Owner: Guest
--

CREATE TABLE public.schema_migrations (
    version character varying NOT NULL
);


ALTER TABLE public.schema_migrations OWNER TO "Guest";

--
-- Name: products id; Type: DEFAULT; Schema: public; Owner: Guest
--

ALTER TABLE ONLY public.products ALTER COLUMN id SET DEFAULT nextval('public.products_id_seq'::regclass);


--
-- Name: reviews id; Type: DEFAULT; Schema: public; Owner: Guest
--

ALTER TABLE ONLY public.reviews ALTER COLUMN id SET DEFAULT nextval('public.reviews_id_seq'::regclass);


--
-- Data for Name: ar_internal_metadata; Type: TABLE DATA; Schema: public; Owner: Guest
--

COPY public.ar_internal_metadata (key, value, created_at, updated_at) FROM stdin;
environment	development	2020-01-22 14:18:00.800136	2020-01-22 14:18:00.800136
\.


--
-- Data for Name: products; Type: TABLE DATA; Schema: public; Owner: Guest
--

COPY public.products (id, name, cost, country, created_at, updated_at) FROM stdin;
1	Electrode	1	USA	2020-01-22 14:18:06.291863	2020-01-22 14:18:06.291863
2	Koffing	1	USA	2020-01-22 14:18:06.429275	2020-01-22 14:18:06.429275
3	Beedrill	1	USA	2020-01-22 14:18:06.443159	2020-01-22 14:18:06.443159
4	Vulpix	1	USA	2020-01-22 14:18:06.456289	2020-01-22 14:18:06.456289
5	Charmeleon	1	USA	2020-01-22 14:18:06.468817	2020-01-22 14:18:06.468817
6	Primeape	1	USA	2020-01-22 14:18:06.481014	2020-01-22 14:18:06.481014
7	Moltres	1	USA	2020-01-22 14:18:06.493005	2020-01-22 14:18:06.493005
8	Starmie	1	USA	2020-01-22 14:18:06.505616	2020-01-22 14:18:06.505616
9	Sandshrew	1	USA	2020-01-22 14:18:06.518207	2020-01-22 14:18:06.518207
10	Seaking	1	USA	2020-01-22 14:18:06.531655	2020-01-22 14:18:06.531655
11	Seadra	1	USA	2020-01-22 14:18:06.545591	2020-01-22 14:18:06.545591
12	Machop	1	USA	2020-01-22 14:18:06.55552	2020-01-22 14:18:06.55552
13	Poliwag	1	USA	2020-01-22 14:18:06.565076	2020-01-22 14:18:06.565076
14	Nidoqueen	1	USA	2020-01-22 14:18:06.57443	2020-01-22 14:18:06.57443
15	Goldeen	1	USA	2020-01-22 14:18:06.585744	2020-01-22 14:18:06.585744
16	Weedle	1	USA	2020-01-22 14:18:06.598614	2020-01-22 14:18:06.598614
17	Machop	1	USA	2020-01-22 14:18:06.612119	2020-01-22 14:18:06.612119
18	Omanyte	1	USA	2020-01-22 14:18:06.624122	2020-01-22 14:18:06.624122
19	Pikachu	1	USA	2020-01-22 14:18:06.637454	2020-01-22 14:18:06.637454
20	Psyduck	1	USA	2020-01-22 14:18:06.665957	2020-01-22 14:18:06.665957
21	Electrode	1	USA	2020-01-22 14:18:06.679445	2020-01-22 14:18:06.679445
22	Chansey	1	USA	2020-01-22 14:18:06.689237	2020-01-22 14:18:06.689237
23	Butterfree	1	USA	2020-01-22 14:18:06.698722	2020-01-22 14:18:06.698722
24	Dratini	1	USA	2020-01-22 14:18:06.707753	2020-01-22 14:18:06.707753
25	Slowbro	1	USA	2020-01-22 14:18:06.718085	2020-01-22 14:18:06.718085
26	Golduck	1	USA	2020-01-22 14:18:06.727808	2020-01-22 14:18:06.727808
27	Muk	1	USA	2020-01-22 14:18:06.737646	2020-01-22 14:18:06.737646
28	Oddish	1	USA	2020-01-22 14:18:06.747341	2020-01-22 14:18:06.747341
29	Weedle	1	USA	2020-01-22 14:18:06.757559	2020-01-22 14:18:06.757559
30	Vulpix	1	USA	2020-01-22 14:18:06.767851	2020-01-22 14:18:06.767851
31	Diglett	1	USA	2020-01-22 14:18:06.777067	2020-01-22 14:18:06.777067
32	Goldeen	1	USA	2020-01-22 14:18:06.786532	2020-01-22 14:18:06.786532
33	Snorlax	1	USA	2020-01-22 14:18:06.797034	2020-01-22 14:18:06.797034
34	Pidgey	1	USA	2020-01-22 14:18:06.808674	2020-01-22 14:18:06.808674
35	Farfetch'd	1	USA	2020-01-22 14:18:06.820478	2020-01-22 14:18:06.820478
36	Chansey	1	USA	2020-01-22 14:18:06.833499	2020-01-22 14:18:06.833499
37	Electabuzz	1	USA	2020-01-22 14:18:06.84643	2020-01-22 14:18:06.84643
38	Paras	1	USA	2020-01-22 14:18:06.855844	2020-01-22 14:18:06.855844
39	Rhydon	1	USA	2020-01-22 14:18:06.865071	2020-01-22 14:18:06.865071
40	Gloom	1	USA	2020-01-22 14:18:06.87541	2020-01-22 14:18:06.87541
41	Ivysaur	1	USA	2020-01-22 14:18:06.88722	2020-01-22 14:18:06.88722
42	Mr. Mime	1	USA	2020-01-22 14:18:06.900436	2020-01-22 14:18:06.900436
43	Bellsprout	1	USA	2020-01-22 14:18:06.913212	2020-01-22 14:18:06.913212
44	Psyduck	1	USA	2020-01-22 14:18:06.926388	2020-01-22 14:18:06.926388
45	Dratini	1	USA	2020-01-22 14:18:06.937847	2020-01-22 14:18:06.937847
46	Jolteon	1	USA	2020-01-22 14:18:06.950121	2020-01-22 14:18:06.950121
47	Exeggutor	1	USA	2020-01-22 14:18:06.963468	2020-01-22 14:18:06.963468
48	Oddish	1	USA	2020-01-22 14:18:06.975675	2020-01-22 14:18:06.975675
49	Gastly	1	USA	2020-01-22 14:18:06.987943	2020-01-22 14:18:06.987943
50	Venusaur	1	USA	2020-01-22 14:18:06.99994	2020-01-22 14:18:06.99994
\.


--
-- Data for Name: reviews; Type: TABLE DATA; Schema: public; Owner: Guest
--

COPY public.reviews (id, name, body, product_id, rating, created_at, updated_at) FROM stdin;
1	Alakazam	1289038901238129803189023890129038901238901293801298039801238901283901298038901238992388901289013980328902389032890	1	1	2020-01-22 14:18:06.376232	2020-01-22 14:18:06.376232
2	Nidoran	1289038901238129803189023890129038901238901293801298039801238901283901298038901238992388901289013980328902389032890	1	1	2020-01-22 14:18:06.41936	2020-01-22 14:18:06.41936
3	Nidorino	1289038901238129803189023890129038901238901293801298039801238901283901298038901238992388901289013980328902389032890	1	1	2020-01-22 14:18:06.421842	2020-01-22 14:18:06.421842
4	Shellder	1289038901238129803189023890129038901238901293801298039801238901283901298038901238992388901289013980328902389032890	1	1	2020-01-22 14:18:06.42426	2020-01-22 14:18:06.42426
5	Eevee	1289038901238129803189023890129038901238901293801298039801238901283901298038901238992388901289013980328902389032890	1	1	2020-01-22 14:18:06.426678	2020-01-22 14:18:06.426678
6	Butterfree	1289038901238129803189023890129038901238901293801298039801238901283901298038901238992388901289013980328902389032890	2	1	2020-01-22 14:18:06.431538	2020-01-22 14:18:06.431538
7	Eevee	1289038901238129803189023890129038901238901293801298039801238901283901298038901238992388901289013980328902389032890	2	1	2020-01-22 14:18:06.433972	2020-01-22 14:18:06.433972
8	Kabutops	1289038901238129803189023890129038901238901293801298039801238901283901298038901238992388901289013980328902389032890	2	1	2020-01-22 14:18:06.436225	2020-01-22 14:18:06.436225
9	Dewgong	1289038901238129803189023890129038901238901293801298039801238901283901298038901238992388901289013980328902389032890	2	1	2020-01-22 14:18:06.438581	2020-01-22 14:18:06.438581
10	Ponyta	1289038901238129803189023890129038901238901293801298039801238901283901298038901238992388901289013980328902389032890	2	1	2020-01-22 14:18:06.440745	2020-01-22 14:18:06.440745
11	Charizard	1289038901238129803189023890129038901238901293801298039801238901283901298038901238992388901289013980328902389032890	3	1	2020-01-22 14:18:06.445338	2020-01-22 14:18:06.445338
12	Arcanine	1289038901238129803189023890129038901238901293801298039801238901283901298038901238992388901289013980328902389032890	3	1	2020-01-22 14:18:06.447504	2020-01-22 14:18:06.447504
13	Starmie	1289038901238129803189023890129038901238901293801298039801238901283901298038901238992388901289013980328902389032890	3	1	2020-01-22 14:18:06.449638	2020-01-22 14:18:06.449638
14	Muk	1289038901238129803189023890129038901238901293801298039801238901283901298038901238992388901289013980328902389032890	3	1	2020-01-22 14:18:06.451807	2020-01-22 14:18:06.451807
15	Abra	1289038901238129803189023890129038901238901293801298039801238901283901298038901238992388901289013980328902389032890	3	1	2020-01-22 14:18:06.453927	2020-01-22 14:18:06.453927
16	Ditto	1289038901238129803189023890129038901238901293801298039801238901283901298038901238992388901289013980328902389032890	4	1	2020-01-22 14:18:06.458231	2020-01-22 14:18:06.458231
17	Poliwrath	1289038901238129803189023890129038901238901293801298039801238901283901298038901238992388901289013980328902389032890	4	1	2020-01-22 14:18:06.460424	2020-01-22 14:18:06.460424
18	Charizard	1289038901238129803189023890129038901238901293801298039801238901283901298038901238992388901289013980328902389032890	4	1	2020-01-22 14:18:06.462601	2020-01-22 14:18:06.462601
19	Bulbasaur	1289038901238129803189023890129038901238901293801298039801238901283901298038901238992388901289013980328902389032890	4	1	2020-01-22 14:18:06.46444	2020-01-22 14:18:06.46444
20	Golem	1289038901238129803189023890129038901238901293801298039801238901283901298038901238992388901289013980328902389032890	4	1	2020-01-22 14:18:06.466164	2020-01-22 14:18:06.466164
21	Cubone	1289038901238129803189023890129038901238901293801298039801238901283901298038901238992388901289013980328902389032890	5	1	2020-01-22 14:18:06.470604	2020-01-22 14:18:06.470604
22	Psyduck	1289038901238129803189023890129038901238901293801298039801238901283901298038901238992388901289013980328902389032890	5	1	2020-01-22 14:18:06.472338	2020-01-22 14:18:06.472338
23	Porygon	1289038901238129803189023890129038901238901293801298039801238901283901298038901238992388901289013980328902389032890	5	1	2020-01-22 14:18:06.474309	2020-01-22 14:18:06.474309
24	Ivysaur	1289038901238129803189023890129038901238901293801298039801238901283901298038901238992388901289013980328902389032890	5	1	2020-01-22 14:18:06.476461	2020-01-22 14:18:06.476461
25	Horsea	1289038901238129803189023890129038901238901293801298039801238901283901298038901238992388901289013980328902389032890	5	1	2020-01-22 14:18:06.478719	2020-01-22 14:18:06.478719
26	Squirtle	1289038901238129803189023890129038901238901293801298039801238901283901298038901238992388901289013980328902389032890	6	1	2020-01-22 14:18:06.482971	2020-01-22 14:18:06.482971
27	Articuno	1289038901238129803189023890129038901238901293801298039801238901283901298038901238992388901289013980328902389032890	6	1	2020-01-22 14:18:06.484752	2020-01-22 14:18:06.484752
28	Aerodactyl	1289038901238129803189023890129038901238901293801298039801238901283901298038901238992388901289013980328902389032890	6	1	2020-01-22 14:18:06.486784	2020-01-22 14:18:06.486784
29	Gengar	1289038901238129803189023890129038901238901293801298039801238901283901298038901238992388901289013980328902389032890	6	1	2020-01-22 14:18:06.488781	2020-01-22 14:18:06.488781
30	Gastly	1289038901238129803189023890129038901238901293801298039801238901283901298038901238992388901289013980328902389032890	6	1	2020-01-22 14:18:06.490713	2020-01-22 14:18:06.490713
31	Porygon	1289038901238129803189023890129038901238901293801298039801238901283901298038901238992388901289013980328902389032890	7	1	2020-01-22 14:18:06.49525	2020-01-22 14:18:06.49525
32	Nidorina	1289038901238129803189023890129038901238901293801298039801238901283901298038901238992388901289013980328902389032890	7	1	2020-01-22 14:18:06.497437	2020-01-22 14:18:06.497437
33	Jolteon	1289038901238129803189023890129038901238901293801298039801238901283901298038901238992388901289013980328902389032890	7	1	2020-01-22 14:18:06.499583	2020-01-22 14:18:06.499583
34	Wartortle	1289038901238129803189023890129038901238901293801298039801238901283901298038901238992388901289013980328902389032890	7	1	2020-01-22 14:18:06.50178	2020-01-22 14:18:06.50178
35	Raichu	1289038901238129803189023890129038901238901293801298039801238901283901298038901238992388901289013980328902389032890	7	1	2020-01-22 14:18:06.503544	2020-01-22 14:18:06.503544
36	Exeggcute	1289038901238129803189023890129038901238901293801298039801238901283901298038901238992388901289013980328902389032890	8	1	2020-01-22 14:18:06.50801	2020-01-22 14:18:06.50801
37	Mr. Mime	1289038901238129803189023890129038901238901293801298039801238901283901298038901238992388901289013980328902389032890	8	1	2020-01-22 14:18:06.510197	2020-01-22 14:18:06.510197
38	Cubone	1289038901238129803189023890129038901238901293801298039801238901283901298038901238992388901289013980328902389032890	8	1	2020-01-22 14:18:06.512069	2020-01-22 14:18:06.512069
39	Electabuzz	1289038901238129803189023890129038901238901293801298039801238901283901298038901238992388901289013980328902389032890	8	1	2020-01-22 14:18:06.513836	2020-01-22 14:18:06.513836
40	Raticate	1289038901238129803189023890129038901238901293801298039801238901283901298038901238992388901289013980328902389032890	8	1	2020-01-22 14:18:06.515777	2020-01-22 14:18:06.515777
41	Rattata	1289038901238129803189023890129038901238901293801298039801238901283901298038901238992388901289013980328902389032890	9	1	2020-01-22 14:18:06.520231	2020-01-22 14:18:06.520231
42	Sandshrew	1289038901238129803189023890129038901238901293801298039801238901283901298038901238992388901289013980328902389032890	9	1	2020-01-22 14:18:06.522374	2020-01-22 14:18:06.522374
43	Venusaur	1289038901238129803189023890129038901238901293801298039801238901283901298038901238992388901289013980328902389032890	9	1	2020-01-22 14:18:06.524504	2020-01-22 14:18:06.524504
44	Gastly	1289038901238129803189023890129038901238901293801298039801238901283901298038901238992388901289013980328902389032890	9	1	2020-01-22 14:18:06.526771	2020-01-22 14:18:06.526771
45	Onix	1289038901238129803189023890129038901238901293801298039801238901283901298038901238992388901289013980328902389032890	9	1	2020-01-22 14:18:06.529185	2020-01-22 14:18:06.529185
46	Wigglytuff	1289038901238129803189023890129038901238901293801298039801238901283901298038901238992388901289013980328902389032890	10	1	2020-01-22 14:18:06.533879	2020-01-22 14:18:06.533879
47	Blastoise	1289038901238129803189023890129038901238901293801298039801238901283901298038901238992388901289013980328902389032890	10	1	2020-01-22 14:18:06.536165	2020-01-22 14:18:06.536165
48	Golem	1289038901238129803189023890129038901238901293801298039801238901283901298038901238992388901289013980328902389032890	10	1	2020-01-22 14:18:06.538583	2020-01-22 14:18:06.538583
49	Omanyte	1289038901238129803189023890129038901238901293801298039801238901283901298038901238992388901289013980328902389032890	10	1	2020-01-22 14:18:06.540804	2020-01-22 14:18:06.540804
50	Electabuzz	1289038901238129803189023890129038901238901293801298039801238901283901298038901238992388901289013980328902389032890	10	1	2020-01-22 14:18:06.542718	2020-01-22 14:18:06.542718
51	Nidoran	1289038901238129803189023890129038901238901293801298039801238901283901298038901238992388901289013980328902389032890	11	1	2020-01-22 14:18:06.547611	2020-01-22 14:18:06.547611
52	Alakazam	1289038901238129803189023890129038901238901293801298039801238901283901298038901238992388901289013980328902389032890	11	1	2020-01-22 14:18:06.549167	2020-01-22 14:18:06.549167
53	Zubat	1289038901238129803189023890129038901238901293801298039801238901283901298038901238992388901289013980328902389032890	11	1	2020-01-22 14:18:06.550779	2020-01-22 14:18:06.550779
54	Omanyte	1289038901238129803189023890129038901238901293801298039801238901283901298038901238992388901289013980328902389032890	11	1	2020-01-22 14:18:06.5523	2020-01-22 14:18:06.5523
55	Omanyte	1289038901238129803189023890129038901238901293801298039801238901283901298038901238992388901289013980328902389032890	11	1	2020-01-22 14:18:06.553805	2020-01-22 14:18:06.553805
56	Magneton	1289038901238129803189023890129038901238901293801298039801238901283901298038901238992388901289013980328902389032890	12	1	2020-01-22 14:18:06.557053	2020-01-22 14:18:06.557053
57	Golbat	1289038901238129803189023890129038901238901293801298039801238901283901298038901238992388901289013980328902389032890	12	1	2020-01-22 14:18:06.558682	2020-01-22 14:18:06.558682
58	Articuno	1289038901238129803189023890129038901238901293801298039801238901283901298038901238992388901289013980328902389032890	12	1	2020-01-22 14:18:06.560194	2020-01-22 14:18:06.560194
59	Tentacool	1289038901238129803189023890129038901238901293801298039801238901283901298038901238992388901289013980328902389032890	12	1	2020-01-22 14:18:06.561676	2020-01-22 14:18:06.561676
60	Golduck	1289038901238129803189023890129038901238901293801298039801238901283901298038901238992388901289013980328902389032890	12	1	2020-01-22 14:18:06.56331	2020-01-22 14:18:06.56331
61	Kabutops	1289038901238129803189023890129038901238901293801298039801238901283901298038901238992388901289013980328902389032890	13	1	2020-01-22 14:18:06.566627	2020-01-22 14:18:06.566627
62	Jynx	1289038901238129803189023890129038901238901293801298039801238901283901298038901238992388901289013980328902389032890	13	1	2020-01-22 14:18:06.568194	2020-01-22 14:18:06.568194
63	Nidorina	1289038901238129803189023890129038901238901293801298039801238901283901298038901238992388901289013980328902389032890	13	1	2020-01-22 14:18:06.569685	2020-01-22 14:18:06.569685
64	Vileplume	1289038901238129803189023890129038901238901293801298039801238901283901298038901238992388901289013980328902389032890	13	1	2020-01-22 14:18:06.571195	2020-01-22 14:18:06.571195
65	Nidoran	1289038901238129803189023890129038901238901293801298039801238901283901298038901238992388901289013980328902389032890	13	1	2020-01-22 14:18:06.572687	2020-01-22 14:18:06.572687
66	Exeggcute	1289038901238129803189023890129038901238901293801298039801238901283901298038901238992388901289013980328902389032890	14	1	2020-01-22 14:18:06.576027	2020-01-22 14:18:06.576027
67	Abra	1289038901238129803189023890129038901238901293801298039801238901283901298038901238992388901289013980328902389032890	14	1	2020-01-22 14:18:06.577653	2020-01-22 14:18:06.577653
68	Golduck	1289038901238129803189023890129038901238901293801298039801238901283901298038901238992388901289013980328902389032890	14	1	2020-01-22 14:18:06.579198	2020-01-22 14:18:06.579198
69	Aerodactyl	1289038901238129803189023890129038901238901293801298039801238901283901298038901238992388901289013980328902389032890	14	1	2020-01-22 14:18:06.58099	2020-01-22 14:18:06.58099
70	Voltorb	1289038901238129803189023890129038901238901293801298039801238901283901298038901238992388901289013980328902389032890	14	1	2020-01-22 14:18:06.583293	2020-01-22 14:18:06.583293
71	Slowpoke	1289038901238129803189023890129038901238901293801298039801238901283901298038901238992388901289013980328902389032890	15	1	2020-01-22 14:18:06.587972	2020-01-22 14:18:06.587972
72	Weezing	1289038901238129803189023890129038901238901293801298039801238901283901298038901238992388901289013980328902389032890	15	1	2020-01-22 14:18:06.590109	2020-01-22 14:18:06.590109
73	Pidgeotto	1289038901238129803189023890129038901238901293801298039801238901283901298038901238992388901289013980328902389032890	15	1	2020-01-22 14:18:06.592276	2020-01-22 14:18:06.592276
74	Rattata	1289038901238129803189023890129038901238901293801298039801238901283901298038901238992388901289013980328902389032890	15	1	2020-01-22 14:18:06.59464	2020-01-22 14:18:06.59464
75	Nidoran	1289038901238129803189023890129038901238901293801298039801238901283901298038901238992388901289013980328902389032890	15	1	2020-01-22 14:18:06.596708	2020-01-22 14:18:06.596708
76	Snorlax	1289038901238129803189023890129038901238901293801298039801238901283901298038901238992388901289013980328902389032890	16	1	2020-01-22 14:18:06.600659	2020-01-22 14:18:06.600659
77	Wigglytuff	1289038901238129803189023890129038901238901293801298039801238901283901298038901238992388901289013980328902389032890	16	1	2020-01-22 14:18:06.602941	2020-01-22 14:18:06.602941
78	Articuno	1289038901238129803189023890129038901238901293801298039801238901283901298038901238992388901289013980328902389032890	16	1	2020-01-22 14:18:06.605114	2020-01-22 14:18:06.605114
79	Magmar	1289038901238129803189023890129038901238901293801298039801238901283901298038901238992388901289013980328902389032890	16	1	2020-01-22 14:18:06.607275	2020-01-22 14:18:06.607275
80	Bellsprout	1289038901238129803189023890129038901238901293801298039801238901283901298038901238992388901289013980328902389032890	16	1	2020-01-22 14:18:06.609601	2020-01-22 14:18:06.609601
81	Golem	1289038901238129803189023890129038901238901293801298039801238901283901298038901238992388901289013980328902389032890	17	1	2020-01-22 14:18:06.614164	2020-01-22 14:18:06.614164
82	Staryu	1289038901238129803189023890129038901238901293801298039801238901283901298038901238992388901289013980328902389032890	17	1	2020-01-22 14:18:06.615961	2020-01-22 14:18:06.615961
83	Flareon	1289038901238129803189023890129038901238901293801298039801238901283901298038901238992388901289013980328902389032890	17	1	2020-01-22 14:18:06.617953	2020-01-22 14:18:06.617953
84	Mew	1289038901238129803189023890129038901238901293801298039801238901283901298038901238992388901289013980328902389032890	17	1	2020-01-22 14:18:06.619775	2020-01-22 14:18:06.619775
85	Parasect	1289038901238129803189023890129038901238901293801298039801238901283901298038901238992388901289013980328902389032890	17	1	2020-01-22 14:18:06.621561	2020-01-22 14:18:06.621561
86	Pidgey	1289038901238129803189023890129038901238901293801298039801238901283901298038901238992388901289013980328902389032890	18	1	2020-01-22 14:18:06.626443	2020-01-22 14:18:06.626443
87	Golbat	1289038901238129803189023890129038901238901293801298039801238901283901298038901238992388901289013980328902389032890	18	1	2020-01-22 14:18:06.628772	2020-01-22 14:18:06.628772
88	Magneton	1289038901238129803189023890129038901238901293801298039801238901283901298038901238992388901289013980328902389032890	18	1	2020-01-22 14:18:06.630788	2020-01-22 14:18:06.630788
89	Jigglypuff	1289038901238129803189023890129038901238901293801298039801238901283901298038901238992388901289013980328902389032890	18	1	2020-01-22 14:18:06.632782	2020-01-22 14:18:06.632782
90	Magmar	1289038901238129803189023890129038901238901293801298039801238901283901298038901238992388901289013980328902389032890	18	1	2020-01-22 14:18:06.635014	2020-01-22 14:18:06.635014
91	Flareon	1289038901238129803189023890129038901238901293801298039801238901283901298038901238992388901289013980328902389032890	19	1	2020-01-22 14:18:06.639784	2020-01-22 14:18:06.639784
92	Chansey	1289038901238129803189023890129038901238901293801298039801238901283901298038901238992388901289013980328902389032890	19	1	2020-01-22 14:18:06.641823	2020-01-22 14:18:06.641823
93	Mankey	1289038901238129803189023890129038901238901293801298039801238901283901298038901238992388901289013980328902389032890	19	1	2020-01-22 14:18:06.644041	2020-01-22 14:18:06.644041
94	Rhydon	1289038901238129803189023890129038901238901293801298039801238901283901298038901238992388901289013980328902389032890	19	1	2020-01-22 14:18:06.646376	2020-01-22 14:18:06.646376
95	Hitmonlee	1289038901238129803189023890129038901238901293801298039801238901283901298038901238992388901289013980328902389032890	19	1	2020-01-22 14:18:06.648532	2020-01-22 14:18:06.648532
96	Ivysaur	1289038901238129803189023890129038901238901293801298039801238901283901298038901238992388901289013980328902389032890	20	1	2020-01-22 14:18:06.668424	2020-01-22 14:18:06.668424
97	Persian	1289038901238129803189023890129038901238901293801298039801238901283901298038901238992388901289013980328902389032890	20	1	2020-01-22 14:18:06.670657	2020-01-22 14:18:06.670657
98	Magnemite	1289038901238129803189023890129038901238901293801298039801238901283901298038901238992388901289013980328902389032890	20	1	2020-01-22 14:18:06.672856	2020-01-22 14:18:06.672856
99	Drowzee	1289038901238129803189023890129038901238901293801298039801238901283901298038901238992388901289013980328902389032890	20	1	2020-01-22 14:18:06.675024	2020-01-22 14:18:06.675024
100	Pidgey	1289038901238129803189023890129038901238901293801298039801238901283901298038901238992388901289013980328902389032890	20	1	2020-01-22 14:18:06.677211	2020-01-22 14:18:06.677211
101	Beedrill	1289038901238129803189023890129038901238901293801298039801238901283901298038901238992388901289013980328902389032890	21	1	2020-01-22 14:18:06.68128	2020-01-22 14:18:06.68128
102	Growlithe	1289038901238129803189023890129038901238901293801298039801238901283901298038901238992388901289013980328902389032890	21	1	2020-01-22 14:18:06.682825	2020-01-22 14:18:06.682825
103	Muk	1289038901238129803189023890129038901238901293801298039801238901283901298038901238992388901289013980328902389032890	21	1	2020-01-22 14:18:06.68436	2020-01-22 14:18:06.68436
104	Pidgeotto	1289038901238129803189023890129038901238901293801298039801238901283901298038901238992388901289013980328902389032890	21	1	2020-01-22 14:18:06.685885	2020-01-22 14:18:06.685885
105	Beedrill	1289038901238129803189023890129038901238901293801298039801238901283901298038901238992388901289013980328902389032890	21	1	2020-01-22 14:18:06.687383	2020-01-22 14:18:06.687383
106	Gastly	1289038901238129803189023890129038901238901293801298039801238901283901298038901238992388901289013980328902389032890	22	1	2020-01-22 14:18:06.690761	2020-01-22 14:18:06.690761
107	Venonat	1289038901238129803189023890129038901238901293801298039801238901283901298038901238992388901289013980328902389032890	22	1	2020-01-22 14:18:06.692484	2020-01-22 14:18:06.692484
108	Golbat	1289038901238129803189023890129038901238901293801298039801238901283901298038901238992388901289013980328902389032890	22	1	2020-01-22 14:18:06.693946	2020-01-22 14:18:06.693946
109	Porygon	1289038901238129803189023890129038901238901293801298039801238901283901298038901238992388901289013980328902389032890	22	1	2020-01-22 14:18:06.695475	2020-01-22 14:18:06.695475
110	Haunter	1289038901238129803189023890129038901238901293801298039801238901283901298038901238992388901289013980328902389032890	22	1	2020-01-22 14:18:06.696957	2020-01-22 14:18:06.696957
111	Gyarados	1289038901238129803189023890129038901238901293801298039801238901283901298038901238992388901289013980328902389032890	23	1	2020-01-22 14:18:06.700195	2020-01-22 14:18:06.700195
112	Tangela	1289038901238129803189023890129038901238901293801298039801238901283901298038901238992388901289013980328902389032890	23	1	2020-01-22 14:18:06.701714	2020-01-22 14:18:06.701714
113	Meowth	1289038901238129803189023890129038901238901293801298039801238901283901298038901238992388901289013980328902389032890	23	1	2020-01-22 14:18:06.703169	2020-01-22 14:18:06.703169
114	Machop	1289038901238129803189023890129038901238901293801298039801238901283901298038901238992388901289013980328902389032890	23	1	2020-01-22 14:18:06.704618	2020-01-22 14:18:06.704618
115	Nidorina	1289038901238129803189023890129038901238901293801298039801238901283901298038901238992388901289013980328902389032890	23	1	2020-01-22 14:18:06.706071	2020-01-22 14:18:06.706071
116	Raticate	1289038901238129803189023890129038901238901293801298039801238901283901298038901238992388901289013980328902389032890	24	1	2020-01-22 14:18:06.709302	2020-01-22 14:18:06.709302
117	Gloom	1289038901238129803189023890129038901238901293801298039801238901283901298038901238992388901289013980328902389032890	24	1	2020-01-22 14:18:06.710784	2020-01-22 14:18:06.710784
118	Clefairy	1289038901238129803189023890129038901238901293801298039801238901283901298038901238992388901289013980328902389032890	24	1	2020-01-22 14:18:06.712216	2020-01-22 14:18:06.712216
119	Horsea	1289038901238129803189023890129038901238901293801298039801238901283901298038901238992388901289013980328902389032890	24	1	2020-01-22 14:18:06.713762	2020-01-22 14:18:06.713762
120	Raticate	1289038901238129803189023890129038901238901293801298039801238901283901298038901238992388901289013980328902389032890	24	1	2020-01-22 14:18:06.715511	2020-01-22 14:18:06.715511
121	Raticate	1289038901238129803189023890129038901238901293801298039801238901283901298038901238992388901289013980328902389032890	25	1	2020-01-22 14:18:06.719803	2020-01-22 14:18:06.719803
122	Omastar	1289038901238129803189023890129038901238901293801298039801238901283901298038901238992388901289013980328902389032890	25	1	2020-01-22 14:18:06.721378	2020-01-22 14:18:06.721378
123	Kabuto	1289038901238129803189023890129038901238901293801298039801238901283901298038901238992388901289013980328902389032890	25	1	2020-01-22 14:18:06.722906	2020-01-22 14:18:06.722906
124	Porygon	1289038901238129803189023890129038901238901293801298039801238901283901298038901238992388901289013980328902389032890	25	1	2020-01-22 14:18:06.724372	2020-01-22 14:18:06.724372
125	Pidgey	1289038901238129803189023890129038901238901293801298039801238901283901298038901238992388901289013980328902389032890	25	1	2020-01-22 14:18:06.725904	2020-01-22 14:18:06.725904
126	Lickitung	1289038901238129803189023890129038901238901293801298039801238901283901298038901238992388901289013980328902389032890	26	1	2020-01-22 14:18:06.72976	2020-01-22 14:18:06.72976
127	Exeggcute	1289038901238129803189023890129038901238901293801298039801238901283901298038901238992388901289013980328902389032890	26	1	2020-01-22 14:18:06.731407	2020-01-22 14:18:06.731407
128	Dragonair	1289038901238129803189023890129038901238901293801298039801238901283901298038901238992388901289013980328902389032890	26	1	2020-01-22 14:18:06.732855	2020-01-22 14:18:06.732855
129	Spearow	1289038901238129803189023890129038901238901293801298039801238901283901298038901238992388901289013980328902389032890	26	1	2020-01-22 14:18:06.734386	2020-01-22 14:18:06.734386
130	Spearow	1289038901238129803189023890129038901238901293801298039801238901283901298038901238992388901289013980328902389032890	26	1	2020-01-22 14:18:06.735872	2020-01-22 14:18:06.735872
131	Pikachu	1289038901238129803189023890129038901238901293801298039801238901283901298038901238992388901289013980328902389032890	27	1	2020-01-22 14:18:06.739292	2020-01-22 14:18:06.739292
132	Golem	1289038901238129803189023890129038901238901293801298039801238901283901298038901238992388901289013980328902389032890	27	1	2020-01-22 14:18:06.740833	2020-01-22 14:18:06.740833
133	Starmie	1289038901238129803189023890129038901238901293801298039801238901283901298038901238992388901289013980328902389032890	27	1	2020-01-22 14:18:06.742566	2020-01-22 14:18:06.742566
134	Magikarp	1289038901238129803189023890129038901238901293801298039801238901283901298038901238992388901289013980328902389032890	27	1	2020-01-22 14:18:06.744055	2020-01-22 14:18:06.744055
135	Mewtwo	1289038901238129803189023890129038901238901293801298039801238901283901298038901238992388901289013980328902389032890	27	1	2020-01-22 14:18:06.745598	2020-01-22 14:18:06.745598
136	Spearow	1289038901238129803189023890129038901238901293801298039801238901283901298038901238992388901289013980328902389032890	28	1	2020-01-22 14:18:06.748884	2020-01-22 14:18:06.748884
137	Vileplume	1289038901238129803189023890129038901238901293801298039801238901283901298038901238992388901289013980328902389032890	28	1	2020-01-22 14:18:06.750537	2020-01-22 14:18:06.750537
138	Parasect	1289038901238129803189023890129038901238901293801298039801238901283901298038901238992388901289013980328902389032890	28	1	2020-01-22 14:18:06.75207	2020-01-22 14:18:06.75207
139	Ninetales	1289038901238129803189023890129038901238901293801298039801238901283901298038901238992388901289013980328902389032890	28	1	2020-01-22 14:18:06.75374	2020-01-22 14:18:06.75374
140	Magnemite	1289038901238129803189023890129038901238901293801298039801238901283901298038901238992388901289013980328902389032890	28	1	2020-01-22 14:18:06.75556	2020-01-22 14:18:06.75556
141	Sandslash	1289038901238129803189023890129038901238901293801298039801238901283901298038901238992388901289013980328902389032890	29	1	2020-01-22 14:18:06.759343	2020-01-22 14:18:06.759343
142	Pinsir	1289038901238129803189023890129038901238901293801298039801238901283901298038901238992388901289013980328902389032890	29	1	2020-01-22 14:18:06.760876	2020-01-22 14:18:06.760876
143	Nidoqueen	1289038901238129803189023890129038901238901293801298039801238901283901298038901238992388901289013980328902389032890	29	1	2020-01-22 14:18:06.762736	2020-01-22 14:18:06.762736
144	Omastar	1289038901238129803189023890129038901238901293801298039801238901283901298038901238992388901289013980328902389032890	29	1	2020-01-22 14:18:06.764411	2020-01-22 14:18:06.764411
145	Raticate	1289038901238129803189023890129038901238901293801298039801238901283901298038901238992388901289013980328902389032890	29	1	2020-01-22 14:18:06.765932	2020-01-22 14:18:06.765932
146	Kangaskhan	1289038901238129803189023890129038901238901293801298039801238901283901298038901238992388901289013980328902389032890	30	1	2020-01-22 14:18:06.769442	2020-01-22 14:18:06.769442
147	Kadabra	1289038901238129803189023890129038901238901293801298039801238901283901298038901238992388901289013980328902389032890	30	1	2020-01-22 14:18:06.770953	2020-01-22 14:18:06.770953
148	Nidorina	1289038901238129803189023890129038901238901293801298039801238901283901298038901238992388901289013980328902389032890	30	1	2020-01-22 14:18:06.772415	2020-01-22 14:18:06.772415
149	Fearow	1289038901238129803189023890129038901238901293801298039801238901283901298038901238992388901289013980328902389032890	30	1	2020-01-22 14:18:06.773836	2020-01-22 14:18:06.773836
150	Meowth	1289038901238129803189023890129038901238901293801298039801238901283901298038901238992388901289013980328902389032890	30	1	2020-01-22 14:18:06.775324	2020-01-22 14:18:06.775324
151	Ivysaur	1289038901238129803189023890129038901238901293801298039801238901283901298038901238992388901289013980328902389032890	31	1	2020-01-22 14:18:06.778625	2020-01-22 14:18:06.778625
152	Gastly	1289038901238129803189023890129038901238901293801298039801238901283901298038901238992388901289013980328902389032890	31	1	2020-01-22 14:18:06.780213	2020-01-22 14:18:06.780213
153	Abra	1289038901238129803189023890129038901238901293801298039801238901283901298038901238992388901289013980328902389032890	31	1	2020-01-22 14:18:06.781668	2020-01-22 14:18:06.781668
154	Gloom	1289038901238129803189023890129038901238901293801298039801238901283901298038901238992388901289013980328902389032890	31	1	2020-01-22 14:18:06.783129	2020-01-22 14:18:06.783129
155	Krabby	1289038901238129803189023890129038901238901293801298039801238901283901298038901238992388901289013980328902389032890	31	1	2020-01-22 14:18:06.784691	2020-01-22 14:18:06.784691
156	Rapidash	1289038901238129803189023890129038901238901293801298039801238901283901298038901238992388901289013980328902389032890	32	1	2020-01-22 14:18:06.788077	2020-01-22 14:18:06.788077
157	Geodude	1289038901238129803189023890129038901238901293801298039801238901283901298038901238992388901289013980328902389032890	32	1	2020-01-22 14:18:06.789594	2020-01-22 14:18:06.789594
158	Staryu	1289038901238129803189023890129038901238901293801298039801238901283901298038901238992388901289013980328902389032890	32	1	2020-01-22 14:18:06.791112	2020-01-22 14:18:06.791112
159	Exeggutor	1289038901238129803189023890129038901238901293801298039801238901283901298038901238992388901289013980328902389032890	32	1	2020-01-22 14:18:06.792935	2020-01-22 14:18:06.792935
160	Seaking	1289038901238129803189023890129038901238901293801298039801238901283901298038901238992388901289013980328902389032890	32	1	2020-01-22 14:18:06.794862	2020-01-22 14:18:06.794862
161	Machop	1289038901238129803189023890129038901238901293801298039801238901283901298038901238992388901289013980328902389032890	33	1	2020-01-22 14:18:06.798606	2020-01-22 14:18:06.798606
162	Kingler	1289038901238129803189023890129038901238901293801298039801238901283901298038901238992388901289013980328902389032890	33	1	2020-01-22 14:18:06.800106	2020-01-22 14:18:06.800106
163	Vulpix	1289038901238129803189023890129038901238901293801298039801238901283901298038901238992388901289013980328902389032890	33	1	2020-01-22 14:18:06.802076	2020-01-22 14:18:06.802076
164	Magnemite	1289038901238129803189023890129038901238901293801298039801238901283901298038901238992388901289013980328902389032890	33	1	2020-01-22 14:18:06.804178	2020-01-22 14:18:06.804178
165	Pidgey	1289038901238129803189023890129038901238901293801298039801238901283901298038901238992388901289013980328902389032890	33	1	2020-01-22 14:18:06.806329	2020-01-22 14:18:06.806329
166	Eevee	1289038901238129803189023890129038901238901293801298039801238901283901298038901238992388901289013980328902389032890	34	1	2020-01-22 14:18:06.810898	2020-01-22 14:18:06.810898
167	Graveler	1289038901238129803189023890129038901238901293801298039801238901283901298038901238992388901289013980328902389032890	34	1	2020-01-22 14:18:06.81276	2020-01-22 14:18:06.81276
168	Nidoking	1289038901238129803189023890129038901238901293801298039801238901283901298038901238992388901289013980328902389032890	34	1	2020-01-22 14:18:06.814415	2020-01-22 14:18:06.814415
169	Onix	1289038901238129803189023890129038901238901293801298039801238901283901298038901238992388901289013980328902389032890	34	1	2020-01-22 14:18:06.815856	2020-01-22 14:18:06.815856
170	Weedle	1289038901238129803189023890129038901238901293801298039801238901283901298038901238992388901289013980328902389032890	34	1	2020-01-22 14:18:06.818128	2020-01-22 14:18:06.818128
171	Vulpix	1289038901238129803189023890129038901238901293801298039801238901283901298038901238992388901289013980328902389032890	35	1	2020-01-22 14:18:06.822632	2020-01-22 14:18:06.822632
172	Muk	1289038901238129803189023890129038901238901293801298039801238901283901298038901238992388901289013980328902389032890	35	1	2020-01-22 14:18:06.824493	2020-01-22 14:18:06.824493
173	Squirtle	1289038901238129803189023890129038901238901293801298039801238901283901298038901238992388901289013980328902389032890	35	1	2020-01-22 14:18:06.826613	2020-01-22 14:18:06.826613
174	Machoke	1289038901238129803189023890129038901238901293801298039801238901283901298038901238992388901289013980328902389032890	35	1	2020-01-22 14:18:06.828755	2020-01-22 14:18:06.828755
175	Venonat	1289038901238129803189023890129038901238901293801298039801238901283901298038901238992388901289013980328902389032890	35	1	2020-01-22 14:18:06.831203	2020-01-22 14:18:06.831203
176	Farfetch'd	1289038901238129803189023890129038901238901293801298039801238901283901298038901238992388901289013980328902389032890	36	1	2020-01-22 14:18:06.8356	2020-01-22 14:18:06.8356
177	Jigglypuff	1289038901238129803189023890129038901238901293801298039801238901283901298038901238992388901289013980328902389032890	36	1	2020-01-22 14:18:06.837713	2020-01-22 14:18:06.837713
178	Krabby	1289038901238129803189023890129038901238901293801298039801238901283901298038901238992388901289013980328902389032890	36	1	2020-01-22 14:18:06.839867	2020-01-22 14:18:06.839867
179	Poliwag	1289038901238129803189023890129038901238901293801298039801238901283901298038901238992388901289013980328902389032890	36	1	2020-01-22 14:18:06.84212	2020-01-22 14:18:06.84212
180	Slowpoke	1289038901238129803189023890129038901238901293801298039801238901283901298038901238992388901289013980328902389032890	36	1	2020-01-22 14:18:06.844254	2020-01-22 14:18:06.844254
181	Exeggutor	1289038901238129803189023890129038901238901293801298039801238901283901298038901238992388901289013980328902389032890	37	1	2020-01-22 14:18:06.848134	2020-01-22 14:18:06.848134
182	Magikarp	1289038901238129803189023890129038901238901293801298039801238901283901298038901238992388901289013980328902389032890	37	1	2020-01-22 14:18:06.849596	2020-01-22 14:18:06.849596
183	Pinsir	1289038901238129803189023890129038901238901293801298039801238901283901298038901238992388901289013980328902389032890	37	1	2020-01-22 14:18:06.851021	2020-01-22 14:18:06.851021
184	Pidgey	1289038901238129803189023890129038901238901293801298039801238901283901298038901238992388901289013980328902389032890	37	1	2020-01-22 14:18:06.852525	2020-01-22 14:18:06.852525
185	Magneton	1289038901238129803189023890129038901238901293801298039801238901283901298038901238992388901289013980328902389032890	37	1	2020-01-22 14:18:06.853958	2020-01-22 14:18:06.853958
186	Tentacool	1289038901238129803189023890129038901238901293801298039801238901283901298038901238992388901289013980328902389032890	38	1	2020-01-22 14:18:06.857383	2020-01-22 14:18:06.857383
187	Rhydon	1289038901238129803189023890129038901238901293801298039801238901283901298038901238992388901289013980328902389032890	38	1	2020-01-22 14:18:06.858864	2020-01-22 14:18:06.858864
188	Clefable	1289038901238129803189023890129038901238901293801298039801238901283901298038901238992388901289013980328902389032890	38	1	2020-01-22 14:18:06.860323	2020-01-22 14:18:06.860323
189	Bellsprout	1289038901238129803189023890129038901238901293801298039801238901283901298038901238992388901289013980328902389032890	38	1	2020-01-22 14:18:06.861782	2020-01-22 14:18:06.861782
190	Haunter	1289038901238129803189023890129038901238901293801298039801238901283901298038901238992388901289013980328902389032890	38	1	2020-01-22 14:18:06.863349	2020-01-22 14:18:06.863349
191	Sandslash	1289038901238129803189023890129038901238901293801298039801238901283901298038901238992388901289013980328902389032890	39	1	2020-01-22 14:18:06.86664	2020-01-22 14:18:06.86664
192	Cubone	1289038901238129803189023890129038901238901293801298039801238901283901298038901238992388901289013980328902389032890	39	1	2020-01-22 14:18:06.868223	2020-01-22 14:18:06.868223
193	Parasect	1289038901238129803189023890129038901238901293801298039801238901283901298038901238992388901289013980328902389032890	39	1	2020-01-22 14:18:06.869992	2020-01-22 14:18:06.869992
194	Hitmonchan	1289038901238129803189023890129038901238901293801298039801238901283901298038901238992388901289013980328902389032890	39	1	2020-01-22 14:18:06.871931	2020-01-22 14:18:06.871931
195	Staryu	1289038901238129803189023890129038901238901293801298039801238901283901298038901238992388901289013980328902389032890	39	1	2020-01-22 14:18:06.873647	2020-01-22 14:18:06.873647
196	Magnemite	1289038901238129803189023890129038901238901293801298039801238901283901298038901238992388901289013980328902389032890	40	1	2020-01-22 14:18:06.877433	2020-01-22 14:18:06.877433
197	Seel	1289038901238129803189023890129038901238901293801298039801238901283901298038901238992388901289013980328902389032890	40	1	2020-01-22 14:18:06.87931	2020-01-22 14:18:06.87931
198	Staryu	1289038901238129803189023890129038901238901293801298039801238901283901298038901238992388901289013980328902389032890	40	1	2020-01-22 14:18:06.881046	2020-01-22 14:18:06.881046
199	Blastoise	1289038901238129803189023890129038901238901293801298039801238901283901298038901238992388901289013980328902389032890	40	1	2020-01-22 14:18:06.882828	2020-01-22 14:18:06.882828
200	Mr. Mime	1289038901238129803189023890129038901238901293801298039801238901283901298038901238992388901289013980328902389032890	40	1	2020-01-22 14:18:06.884996	2020-01-22 14:18:06.884996
201	Diglett	1289038901238129803189023890129038901238901293801298039801238901283901298038901238992388901289013980328902389032890	41	1	2020-01-22 14:18:06.889423	2020-01-22 14:18:06.889423
202	Kakuna	1289038901238129803189023890129038901238901293801298039801238901283901298038901238992388901289013980328902389032890	41	1	2020-01-22 14:18:06.89156	2020-01-22 14:18:06.89156
203	Hitmonchan	1289038901238129803189023890129038901238901293801298039801238901283901298038901238992388901289013980328902389032890	41	1	2020-01-22 14:18:06.893763	2020-01-22 14:18:06.893763
204	Exeggutor	1289038901238129803189023890129038901238901293801298039801238901283901298038901238992388901289013980328902389032890	41	1	2020-01-22 14:18:06.89598	2020-01-22 14:18:06.89598
205	Snorlax	1289038901238129803189023890129038901238901293801298039801238901283901298038901238992388901289013980328902389032890	41	1	2020-01-22 14:18:06.89809	2020-01-22 14:18:06.89809
206	Squirtle	1289038901238129803189023890129038901238901293801298039801238901283901298038901238992388901289013980328902389032890	42	1	2020-01-22 14:18:06.902623	2020-01-22 14:18:06.902623
207	Omastar	1289038901238129803189023890129038901238901293801298039801238901283901298038901238992388901289013980328902389032890	42	1	2020-01-22 14:18:06.904824	2020-01-22 14:18:06.904824
208	Mewtwo	1289038901238129803189023890129038901238901293801298039801238901283901298038901238992388901289013980328902389032890	42	1	2020-01-22 14:18:06.906933	2020-01-22 14:18:06.906933
209	Venonat	1289038901238129803189023890129038901238901293801298039801238901283901298038901238992388901289013980328902389032890	42	1	2020-01-22 14:18:06.909034	2020-01-22 14:18:06.909034
210	Hypno	1289038901238129803189023890129038901238901293801298039801238901283901298038901238992388901289013980328902389032890	42	1	2020-01-22 14:18:06.910956	2020-01-22 14:18:06.910956
211	Farfetch'd	1289038901238129803189023890129038901238901293801298039801238901283901298038901238992388901289013980328902389032890	43	1	2020-01-22 14:18:06.915583	2020-01-22 14:18:06.915583
212	Lickitung	1289038901238129803189023890129038901238901293801298039801238901283901298038901238992388901289013980328902389032890	43	1	2020-01-22 14:18:06.91774	2020-01-22 14:18:06.91774
213	Pinsir	1289038901238129803189023890129038901238901293801298039801238901283901298038901238992388901289013980328902389032890	43	1	2020-01-22 14:18:06.919829	2020-01-22 14:18:06.919829
214	Rhydon	1289038901238129803189023890129038901238901293801298039801238901283901298038901238992388901289013980328902389032890	43	1	2020-01-22 14:18:06.921927	2020-01-22 14:18:06.921927
215	Exeggcute	1289038901238129803189023890129038901238901293801298039801238901283901298038901238992388901289013980328902389032890	43	1	2020-01-22 14:18:06.924015	2020-01-22 14:18:06.924015
216	Mew	1289038901238129803189023890129038901238901293801298039801238901283901298038901238992388901289013980328902389032890	44	1	2020-01-22 14:18:06.928685	2020-01-22 14:18:06.928685
217	Charizard	1289038901238129803189023890129038901238901293801298039801238901283901298038901238992388901289013980328902389032890	44	1	2020-01-22 14:18:06.930834	2020-01-22 14:18:06.930834
218	Kakuna	1289038901238129803189023890129038901238901293801298039801238901283901298038901238992388901289013980328902389032890	44	1	2020-01-22 14:18:06.932318	2020-01-22 14:18:06.932318
219	Tauros	1289038901238129803189023890129038901238901293801298039801238901283901298038901238992388901289013980328902389032890	44	1	2020-01-22 14:18:06.933943	2020-01-22 14:18:06.933943
220	Gyarados	1289038901238129803189023890129038901238901293801298039801238901283901298038901238992388901289013980328902389032890	44	1	2020-01-22 14:18:06.935653	2020-01-22 14:18:06.935653
221	Poliwag	1289038901238129803189023890129038901238901293801298039801238901283901298038901238992388901289013980328902389032890	45	1	2020-01-22 14:18:06.939724	2020-01-22 14:18:06.939724
222	Flareon	1289038901238129803189023890129038901238901293801298039801238901283901298038901238992388901289013980328902389032890	45	1	2020-01-22 14:18:06.941836	2020-01-22 14:18:06.941836
223	Omastar	1289038901238129803189023890129038901238901293801298039801238901283901298038901238992388901289013980328902389032890	45	1	2020-01-22 14:18:06.943976	2020-01-22 14:18:06.943976
224	Drowzee	1289038901238129803189023890129038901238901293801298039801238901283901298038901238992388901289013980328902389032890	45	1	2020-01-22 14:18:06.946275	2020-01-22 14:18:06.946275
225	Gastly	1289038901238129803189023890129038901238901293801298039801238901283901298038901238992388901289013980328902389032890	45	1	2020-01-22 14:18:06.948029	2020-01-22 14:18:06.948029
226	Exeggcute	1289038901238129803189023890129038901238901293801298039801238901283901298038901238992388901289013980328902389032890	46	1	2020-01-22 14:18:06.95254	2020-01-22 14:18:06.95254
227	Mewtwo	1289038901238129803189023890129038901238901293801298039801238901283901298038901238992388901289013980328902389032890	46	1	2020-01-22 14:18:06.954655	2020-01-22 14:18:06.954655
228	Electrode	1289038901238129803189023890129038901238901293801298039801238901283901298038901238992388901289013980328902389032890	46	1	2020-01-22 14:18:06.956738	2020-01-22 14:18:06.956738
229	Chansey	1289038901238129803189023890129038901238901293801298039801238901283901298038901238992388901289013980328902389032890	46	1	2020-01-22 14:18:06.958842	2020-01-22 14:18:06.958842
230	Caterpie	1289038901238129803189023890129038901238901293801298039801238901283901298038901238992388901289013980328902389032890	46	1	2020-01-22 14:18:06.961282	2020-01-22 14:18:06.961282
231	Onix	1289038901238129803189023890129038901238901293801298039801238901283901298038901238992388901289013980328902389032890	47	1	2020-01-22 14:18:06.965214	2020-01-22 14:18:06.965214
232	Weezing	1289038901238129803189023890129038901238901293801298039801238901283901298038901238992388901289013980328902389032890	47	1	2020-01-22 14:18:06.966985	2020-01-22 14:18:06.966985
233	Raticate	1289038901238129803189023890129038901238901293801298039801238901283901298038901238992388901289013980328902389032890	47	1	2020-01-22 14:18:06.969127	2020-01-22 14:18:06.969127
234	Gloom	1289038901238129803189023890129038901238901293801298039801238901283901298038901238992388901289013980328902389032890	47	1	2020-01-22 14:18:06.97123	2020-01-22 14:18:06.97123
235	Dragonite	1289038901238129803189023890129038901238901293801298039801238901283901298038901238992388901289013980328902389032890	47	1	2020-01-22 14:18:06.973312	2020-01-22 14:18:06.973312
236	Slowpoke	1289038901238129803189023890129038901238901293801298039801238901283901298038901238992388901289013980328902389032890	48	1	2020-01-22 14:18:06.97789	2020-01-22 14:18:06.97789
237	Psyduck	1289038901238129803189023890129038901238901293801298039801238901283901298038901238992388901289013980328902389032890	48	1	2020-01-22 14:18:06.979655	2020-01-22 14:18:06.979655
238	Nidoking	1289038901238129803189023890129038901238901293801298039801238901283901298038901238992388901289013980328902389032890	48	1	2020-01-22 14:18:06.981678	2020-01-22 14:18:06.981678
239	Vaporeon	1289038901238129803189023890129038901238901293801298039801238901283901298038901238992388901289013980328902389032890	48	1	2020-01-22 14:18:06.983769	2020-01-22 14:18:06.983769
240	Gengar	1289038901238129803189023890129038901238901293801298039801238901283901298038901238992388901289013980328902389032890	48	1	2020-01-22 14:18:06.985712	2020-01-22 14:18:06.985712
241	Magikarp	1289038901238129803189023890129038901238901293801298039801238901283901298038901238992388901289013980328902389032890	49	1	2020-01-22 14:18:06.990062	2020-01-22 14:18:06.990062
242	Scyther	1289038901238129803189023890129038901238901293801298039801238901283901298038901238992388901289013980328902389032890	49	1	2020-01-22 14:18:06.992227	2020-01-22 14:18:06.992227
243	Charizard	1289038901238129803189023890129038901238901293801298039801238901283901298038901238992388901289013980328902389032890	49	1	2020-01-22 14:18:06.994377	2020-01-22 14:18:06.994377
244	Slowpoke	1289038901238129803189023890129038901238901293801298039801238901283901298038901238992388901289013980328902389032890	49	1	2020-01-22 14:18:06.996283	2020-01-22 14:18:06.996283
245	Gloom	1289038901238129803189023890129038901238901293801298039801238901283901298038901238992388901289013980328902389032890	49	1	2020-01-22 14:18:06.997837	2020-01-22 14:18:06.997837
246	Squirtle	1289038901238129803189023890129038901238901293801298039801238901283901298038901238992388901289013980328902389032890	50	1	2020-01-22 14:18:07.002127	2020-01-22 14:18:07.002127
247	Hitmonchan	1289038901238129803189023890129038901238901293801298039801238901283901298038901238992388901289013980328902389032890	50	1	2020-01-22 14:18:07.004273	2020-01-22 14:18:07.004273
248	Beedrill	1289038901238129803189023890129038901238901293801298039801238901283901298038901238992388901289013980328902389032890	50	1	2020-01-22 14:18:07.005947	2020-01-22 14:18:07.005947
249	Voltorb	1289038901238129803189023890129038901238901293801298039801238901283901298038901238992388901289013980328902389032890	50	1	2020-01-22 14:18:07.007843	2020-01-22 14:18:07.007843
250	Exeggcute	1289038901238129803189023890129038901238901293801298039801238901283901298038901238992388901289013980328902389032890	50	1	2020-01-22 14:18:07.009978	2020-01-22 14:18:07.009978
251	wow	adasiludaskldklasdjklasjklasjsjkldksajdkjlsajkdaskjjkalskjlsdjkdsakljkadjlskljasdkjlsakljsajkldkalsjkjlasdkljasdjklasjkldklajsdkljasdjklaskdaskljdkljasdjklaskljdajklsdjklasdjklaskl	3	2	2020-01-22 15:16:42.473066	2020-01-22 15:16:42.473066
\.


--
-- Data for Name: schema_migrations; Type: TABLE DATA; Schema: public; Owner: Guest
--

COPY public.schema_migrations (version) FROM stdin;
20200117165203
20200117165644
20200117165853
\.


--
-- Name: products_id_seq; Type: SEQUENCE SET; Schema: public; Owner: Guest
--

SELECT pg_catalog.setval('public.products_id_seq', 50, true);


--
-- Name: reviews_id_seq; Type: SEQUENCE SET; Schema: public; Owner: Guest
--

SELECT pg_catalog.setval('public.reviews_id_seq', 251, true);


--
-- Name: ar_internal_metadata ar_internal_metadata_pkey; Type: CONSTRAINT; Schema: public; Owner: Guest
--

ALTER TABLE ONLY public.ar_internal_metadata
    ADD CONSTRAINT ar_internal_metadata_pkey PRIMARY KEY (key);


--
-- Name: products products_pkey; Type: CONSTRAINT; Schema: public; Owner: Guest
--

ALTER TABLE ONLY public.products
    ADD CONSTRAINT products_pkey PRIMARY KEY (id);


--
-- Name: reviews reviews_pkey; Type: CONSTRAINT; Schema: public; Owner: Guest
--

ALTER TABLE ONLY public.reviews
    ADD CONSTRAINT reviews_pkey PRIMARY KEY (id);


--
-- Name: schema_migrations schema_migrations_pkey; Type: CONSTRAINT; Schema: public; Owner: Guest
--

ALTER TABLE ONLY public.schema_migrations
    ADD CONSTRAINT schema_migrations_pkey PRIMARY KEY (version);


--
-- Name: reviews fk_rails_bedd9094d4; Type: FK CONSTRAINT; Schema: public; Owner: Guest
--

ALTER TABLE ONLY public.reviews
    ADD CONSTRAINT fk_rails_bedd9094d4 FOREIGN KEY (product_id) REFERENCES public.products(id);


--
-- PostgreSQL database dump complete
--

